bucket_low,total_trades,wins,mean_predicted,actual_rate
0.0,85921194,2280802.0,3.3311480168676426,2.6545278223205324
10.0,39564771,5226600.0,14.380237080103408,13.210236955497606
20.0,42631116,10431159.0,24.57196560371537,24.46841644961863
30.0,52597852,17152799.0,34.67144287565203,32.61121575839257
40.0,67481210,29518764.0,44.897768652933166,43.743679166393136
50.0,73540617,40219094.0,53.80512896703056,54.68963362110492
60.0,53955642,35876381.0,64.25239851654439,66.49236237426292
70.0,43229651,32117367.0,74.3122063835306,74.29476356401767
80.0,39365044,33690415.0,84.4582454169237,85.58459886390575
90.0,85559283,82877089.0,96.19535800691551,96.8651046316038
