price,total_trades,wins,win_rate
1.0,30617936,163424.0,0.5337525037611941
2.0,13300670,355237.0,2.6708203421331405
3.0,9022232,207249.0,2.29709233812653
4.0,7536179,193929.0,2.5733067115311354
5.0,6803806,240284.0,3.5316115715233503
6.0,5376305,259018.0,4.817769825186629
7.0,4687045,269922.0,5.758894996741017
8.0,4493837,291141.0,6.4786729024662
9.0,4083184,300598.0,7.361852906947128
10.0,4667327,407116.0,8.722680026490536
11.0,3959203,385176.0,9.728624675218725
12.0,3987532,417551.0,10.471414398680688
13.0,3787899,439274.0,11.596771719626105
14.0,3777236,481239.0,12.74050655029233
15.0,4160381,589278.0,14.164039303131132
16.0,3870124,582754.0,15.05776042318024
17.0,3740880,600203.0,16.044433395350826
18.0,3840341,651591.0,16.967008919260035
19.0,3773848,672418.0,17.81783474056189
20.0,4497095,854801.0,19.0078483999115
21.0,3947088,787316.0,19.94675568419047
22.0,4018254,858433.0,21.36333342790177
23.0,4000639,901207.0,22.526576379423386
24.0,4041349,941712.0,23.30192220468957
25.0,4575192,1142781.0,24.977771424674636
26.0,4323691,1149449.0,26.58490165000228
27.0,4323259,1193947.0,27.616827953171438
28.0,4464773,1290368.0,28.9010885883784
29.0,4439776,1311145.0,29.531782684531834
30.0,5102298,1533141.0,30.048048937949137
31.0,4538644,1410275.0,31.072606708082855
32.0,4597922,1479281.0,32.172816328767645
33.0,5070366,1589617.0,31.351129287313775
34.0,5419559,1622821.0,29.943783248784634
35.0,5488045,1805227.0,32.89380826870042
36.0,5845692,1807308.0,30.91692138415777
37.0,5312728,1870808.0,35.21369812269704
38.0,5622816,1996743.0,35.51144124225299
39.0,5599782,2037578.0,36.3867379122973
40.0,6441074,2456523.0,38.13840673154819
41.0,5539712,2215729.0,39.99718757942651
42.0,5761525,2327778.0,40.40211575928248
43.0,5667737,2395071.0,42.25797703739605
44.0,5956234,2530634.0,42.487148758762665
45.0,6938908,2970709.0,42.81234165375878
46.0,6800465,3013739.0,44.3166606989375
47.0,7198243,3339663.0,46.39553013145013
48.0,7864393,3749676.0,47.6791533688614
49.0,9312919,4519242.0,48.52658978350397
50.0,12482523,6243560.0,50.01841374536222
51.0,9346554,4807085.0,51.43162924003863
52.0,7865705,4115272.0,52.31917545852533
53.0,7190377,3848810.0,53.52723508099784
54.0,6802039,3788285.0,55.69337370750153
55.0,6931996,3960849.0,57.1386509744091
56.0,5968241,3436447.0,57.57889133498463
57.0,5662733,3268571.0,57.720733080652046
58.0,5748317,3421679.0,59.524883544174756
59.0,5542132,3328536.0,60.058764388866955
60.0,6444388,3985627.0,61.84647789673744
61.0,5593264,3555236.0,63.56281412785093
62.0,5601884,3611103.0,64.46229518497705
63.0,5328148,3451182.0,64.7726376970009
64.0,5856734,4050355.0,69.15722995102732
65.0,5486819,3678867.0,67.0491773102047
66.0,5384402,3761269.0,69.85490682159319
67.0,5124661,3536798.0,69.01525778973478
68.0,4598732,3117979.0,67.80084162329965
69.0,4536610,3127965.0,68.94939172642127
70.0,5101676,3568798.0,69.95344275097047
71.0,4429986,3124583.0,70.53257053182561
72.0,4468145,3175630.0,71.07267109728981
73.0,4326579,3129843.0,72.33990180232466
74.0,4325108,3174473.0,73.39638686479043
75.0,4576652,3432548.0,75.00128915198272
76.0,4038706,3096024.0,76.65881101521131
77.0,3995656,3094227.0,77.4397745952104
78.0,4020643,3162958.0,78.66796430322215
79.0,3946500,3158283.0,80.02744203724819
80.0,4497575,3642241.0,80.98232936638077
81.0,3771592,3099665.0,82.18452579176115
82.0,3836504,3185447.0,83.02994080027024
83.0,3739784,3138693.0,83.92711985505045
84.0,3869236,3286838.0,84.94798456336083
85.0,4158322,3568898.0,85.82543631782242
86.0,3775147,3293827.0,87.25029780297297
87.0,3772085,3333098.0,88.36221877290676
88.0,3992147,3574533.0,89.53911266293551
89.0,3952652,3567175.0,90.24763627053431
90.0,4664105,4257006.0,91.27165876411445
91.0,4065203,3765349.0,92.62388618723345
92.0,4466126,4175391.0,93.49021948776188
93.0,4670722,4401642.0,94.23900630352225
94.0,5297129,5039237.0,95.13147593724827
95.0,6754065,6513119.0,96.43257801042779
96.0,7350349,7158309.0,97.38733494151094
97.0,8827966,8623956.0,97.68904864382124
98.0,12968491,12609834.0,97.23439681609834
99.0,26495127,26333246.0,99.3890159499896
